<beans xmlns="http://www.springframework.org/schema/beans"
	xmlns:context="http://www.springframework.org/schema/context"
	xmlns:xsi="http://www.w3.org/2001/XMLSchema-instance" xmlns:mvc="http://www.springframework.org/schema/mvc"
	xsi:schemaLocation="
        http://www.springframework.org/schema/beans     
        http://www.springframework.org/schema/beans/spring-beans.xsd
        http://www.springframework.org/schema/mvc 
        http://www.springframework.org/schema/mvc/spring-mvc.xsd
        http://www.springframework.org/schema/context 
        http://www.springframework.org/schema/context/spring-context.xsd ">

	<context:annotation-config />
	<context:component-scan base-package="cigniti.*" />
	<mvc:annotation-driven />
	
	<bean id="dataSource"
		class="org.springframework.jdbc.datasource.DriverManagerDataSource">
		<property name="driverClassName" value="com.mysql.jdbc.Driver" />
		 <property name="url" value="jdbc:mysql://172.16.28.27:3306/santosh_sys" /> 
		<property name="username" value="root" />
		<property name="password" value="Ctl@1234" />
	</bean>
	
	<bean id="sessionFactory"
		class="org.springframework.orm.hibernate4.LocalSessionFactoryBean">
		<property name="dataSource" ref="dataSource" />
		<!-- <property name="packagesToScan" value="cigniti.timesheet.bean" /> -->
		<!--  <property name="packagesToScan">
         <array>
              <value>cigniti.resume.entities</value>
              <value>cigniti.timesheet.entities</value>
         </array>
     </property>    -->
		<property name="hibernateProperties">
			<props>
				<prop key="hibernate.dialect">org.hibernate.dialect.MySQLDialect</prop>
				<prop key="hibernate.show_sql">true</prop>
				<prop key="hibernate.hbm2ddl.auto">update</prop>
				<prop key="hibernate.jdbc.batch_size">20</prop>
				
			</props>
		</property>
	</bean>
	<!--  <bean id="mailSender" class="org.springframework.mail.javamail.JavaMailSenderImpl">
		<property name="host" value="cigniti-com.mail.protection.outlook.com"/>
 		<property name="port" value="25" /> 
		<property name="username" value="kasi.kurva@cigniti.com" />
		<property name="password" value="Nov2017$$" /> -->
		
		<!--The name of the property, following JavaBean naming conventions-->
	<!-- 	<property name="javaMailProperties">
			<props>
				<prop key="mail.transport.protocol">smtp</prop>
				<prop key="mail.smtp.auth">true</prop>
				<prop key="mail.smtp.starttls.enable">true</prop>
				<prop key="mail.debug">true</prop>
			</props>
		</property>
	</bean> -->
	

<!--	<bean id="freeMarkerConfiguration" class="freemarker.template.Configuration"
		factory-bean="freeMarkerConfigurationFactory" factory-method="createConfiguration"
		 /> --> <!-- scope="prototype" -->
	
	
	
	<mvc:default-servlet-handler />
	<mvc:resources mapping="/**" location="/WEB-INF/" /> 
	 <mvc:annotation-driven>
        <mvc:message-converters>
           <bean
             class="org.springframework.http.converter.json.MappingJackson2HttpMessageConverter"/>
        </mvc:message-converters>
    </mvc:annotation-driven>
</beans>