Month_year,Month,year,No of Enrolled Users,PeakOftheMonth,MonthAvg
Jan-16,Jan,2016,941854,14764,High
Feb-16,Feb,2016,961432,20184,High
Mar-16,Mar,2016,982879,21369,High
Apr-16,Apr,2016,978219,16305,Medium
May-16,May,2016,974194,17260,Medium
Jun-16,Jun,2016,500000,11365,Low
Jul-16,Jul,2016,500000,2826,Low
Aug-16,Aug,2016,824560,29540,Low
Sep-16,Sep,2016,942281,37242,High
Oct-16,Oct,2016,949481,52666,High
Nov-16,Nov,2016,870062,49336,High
Dec-16,Dec,2016,933637,50931,High
Jan-17,Jan,2017,956445,54873,High
Feb-17,Feb,2017,964114,78951,High
Mar-17,Mar,2017,980091,50384,High
Apr-17,Apr,2017,965483,31549,Medium
May-17,May,2017,965393,24644,Medium
Jun-17,Jun,2017,716179,0,Low
Jul-17,Jul,2017,700000,0,Low
Aug-17,Aug,2017,648562,0,Low
Sep-17,Sep,2017,824260,0,High
Oct-17,Oct,2017,862177,0,High
Nov-17,Nov,2017,877814,0,High
Dec-17,Dec,2017,913582,0,High
